"filename", "language", "TypeScript", "XML", "JSON", "JSON with Comments", "JavaScript", "Markdown", "TypeScript JSX", "CSS", "HTML", "Properties", "comment", "blank", "total"
"c:\Users\ASUS\Desktop\Development\projects\blog cms\app\api\.VSCodeCounter\2025-04-14_16-36-41\details.md", "Markdown", 0, 0, 0, 0, 0, -56, 0, 0, 0, 0, 0, -6, -62
"c:\Users\ASUS\Desktop\Development\projects\blog cms\app\api\.VSCodeCounter\2025-04-14_16-36-41\diff-details.md", "Markdown", 0, 0, 0, 0, 0, -9, 0, 0, 0, 0, 0, -6, -15
"c:\Users\ASUS\Desktop\Development\projects\blog cms\app\api\.VSCodeCounter\2025-04-14_16-36-41\diff.md", "Markdown", 0, 0, 0, 0, 0, -12, 0, 0, 0, 0, 0, -7, -19
"c:\Users\ASUS\Desktop\Development\projects\blog cms\app\api\.VSCodeCounter\2025-04-14_16-36-41\results.json", "JSON", 0, 0, -1, 0, 0, 0, 0, 0, 0, 0, 0, 0, -1
"c:\Users\ASUS\Desktop\Development\projects\blog cms\app\api\.VSCodeCounter\2025-04-14_16-36-41\results.md", "Markdown", 0, 0, 0, 0, 0, -34, 0, 0, 0, 0, 0, -7, -41
"c:\Users\ASUS\Desktop\Development\projects\blog cms\app\api\nodemon.json", "JSON", 0, 0, -5, 0, 0, 0, 0, 0, 0, 0, 0, 0, -5
"c:\Users\ASUS\Desktop\Development\projects\blog cms\app\api\package-lock.json", "JSON", 0, 0, -2727, 0, 0, 0, 0, 0, 0, 0, 0, -1, -2728
"c:\Users\ASUS\Desktop\Development\projects\blog cms\app\api\package.json", "JSON", 0, 0, -49, 0, 0, 0, 0, 0, 0, 0, 0, -1, -50
"c:\Users\ASUS\Desktop\Development\projects\blog cms\app\api\src\constants\constants.ts", "TypeScript", -1, 0, 0, 0, 0, 0, 0, 0, 0, 0, 0, 0, -1
"c:\Users\ASUS\Desktop\Development\projects\blog cms\app\api\src\domains\article\collaboration\controller.ts", "TypeScript", -129, 0, 0, 0, 0, 0, 0, 0, 0, 0, -2, 0, -131
"c:\Users\ASUS\Desktop\Development\projects\blog cms\app\api\src\domains\article\collaboration\index.ts", "TypeScript", -27, 0, 0, 0, 0, 0, 0, 0, 0, 0, 0, 0, -27
"c:\Users\ASUS\Desktop\Development\projects\blog cms\app\api\src\domains\article\comment\controller.ts", "TypeScript", -375, 0, 0, 0, 0, 0, 0, 0, 0, 0, -14, -2, -391
"c:\Users\ASUS\Desktop\Development\projects\blog cms\app\api\src\domains\article\comment\index.ts", "TypeScript", -65, 0, 0, 0, 0, 0, 0, 0, 0, 0, 0, -2, -67
"c:\Users\ASUS\Desktop\Development\projects\blog cms\app\api\src\domains\article\comment\model.ts", "TypeScript", -67, 0, 0, 0, 0, 0, 0, 0, 0, 0, -2, -2, -71
"c:\Users\ASUS\Desktop\Development\projects\blog cms\app\api\src\domains\article\controller.ts", "TypeScript", -528, 0, 0, 0, 0, 0, 0, 0, 0, 0, -4, -3, -535
"c:\Users\ASUS\Desktop\Development\projects\blog cms\app\api\src\domains\article\index.ts", "TypeScript", -65, 0, 0, 0, 0, 0, 0, 0, 0, 0, -1, 0, -66
"c:\Users\ASUS\Desktop\Development\projects\blog cms\app\api\src\domains\article\like\controller.ts", "TypeScript", -179, 0, 0, 0, 0, 0, 0, 0, 0, 0, 0, -1, -180
"c:\Users\ASUS\Desktop\Development\projects\blog cms\app\api\src\domains\article\like\index.ts", "TypeScript", -33, 0, 0, 0, 0, 0, 0, 0, 0, 0, 0, 0, -33
"c:\Users\ASUS\Desktop\Development\projects\blog cms\app\api\src\domains\article\like\model.ts", "TypeScript", -25, 0, 0, 0, 0, 0, 0, 0, 0, 0, -2, -1, -28
"c:\Users\ASUS\Desktop\Development\projects\blog cms\app\api\src\domains\article\models\article.ts", "TypeScript", -89, 0, 0, 0, 0, 0, 0, 0, 0, 0, -3, -1, -93
"c:\Users\ASUS\Desktop\Development\projects\blog cms\app\api\src\domains\article\models\reader.ts", "TypeScript", -29, 0, 0, 0, 0, 0, 0, 0, 0, 0, -1, -1, -31
"c:\Users\ASUS\Desktop\Development\projects\blog cms\app\api\src\domains\auth\controller.ts", "TypeScript", -158, 0, 0, 0, 0, 0, 0, 0, 0, 0, 0, -3, -161
"c:\Users\ASUS\Desktop\Development\projects\blog cms\app\api\src\domains\auth\index.ts", "TypeScript", -26, 0, 0, 0, 0, 0, 0, 0, 0, 0, 0, -1, -27
"c:\Users\ASUS\Desktop\Development\projects\blog cms\app\api\src\domains\notification\controller.ts", "TypeScript", -198, 0, 0, 0, 0, 0, 0, 0, 0, 0, 0, 0, -198
"c:\Users\ASUS\Desktop\Development\projects\blog cms\app\api\src\domains\notification\model.ts", "TypeScript", -60, 0, 0, 0, 0, 0, 0, 0, 0, 0, -1, -1, -62
"c:\Users\ASUS\Desktop\Development\projects\blog cms\app\api\src\domains\topic\controller.ts", "TypeScript", -167, 0, 0, 0, 0, 0, 0, 0, 0, 0, -53, -4, -224
"c:\Users\ASUS\Desktop\Development\projects\blog cms\app\api\src\domains\topic\index.ts", "TypeScript", -20, 0, 0, 0, 0, 0, 0, 0, 0, 0, -2, -1, -23
"c:\Users\ASUS\Desktop\Development\projects\blog cms\app\api\src\domains\topic\model.ts", "TypeScript", -29, 0, 0, 0, 0, 0, 0, 0, 0, 0, 0, -2, -31
"c:\Users\ASUS\Desktop\Development\projects\blog cms\app\api\src\domains\user\controller.ts", "TypeScript", -270, 0, 0, 0, 0, 0, 0, 0, 0, 0, -5, -3, -278
"c:\Users\ASUS\Desktop\Development\projects\blog cms\app\api\src\domains\user\follow\controller.ts", "TypeScript", -270, 0, 0, 0, 0, 0, 0, 0, 0, 0, 0, -1, -271
"c:\Users\ASUS\Desktop\Development\projects\blog cms\app\api\src\domains\user\follow\index.ts", "TypeScript", -44, 0, 0, 0, 0, 0, 0, 0, 0, 0, 0, -1, -45
"c:\Users\ASUS\Desktop\Development\projects\blog cms\app\api\src\domains\user\follow\model.ts", "TypeScript", -21, 0, 0, 0, 0, 0, 0, 0, 0, 0, -1, -1, -23
"c:\Users\ASUS\Desktop\Development\projects\blog cms\app\api\src\domains\user\index.ts", "TypeScript", -42, 0, 0, 0, 0, 0, 0, 0, 0, 0, -1, -1, -44
"c:\Users\ASUS\Desktop\Development\projects\blog cms\app\api\src\domains\user\model.ts", "TypeScript", -116, 0, 0, 0, 0, 0, 0, 0, 0, 0, -3, -1, -120
"c:\Users\ASUS\Desktop\Development\projects\blog cms\app\api\src\helpers\bcrypt.ts", "TypeScript", -17, 0, 0, 0, 0, 0, 0, 0, 0, 0, 0, -1, -18
"c:\Users\ASUS\Desktop\Development\projects\blog cms\app\api\src\helpers\block.ts", "TypeScript", -20, 0, 0, 0, 0, 0, 0, 0, 0, 0, 0, -1, -21
"c:\Users\ASUS\Desktop\Development\projects\blog cms\app\api\src\helpers\date.ts", "TypeScript", -55, 0, 0, 0, 0, 0, 0, 0, 0, 0, -1, -1, -57
"c:\Users\ASUS\Desktop\Development\projects\blog cms\app\api\src\helpers\fileopreations.ts", "TypeScript", -65, 0, 0, 0, 0, 0, 0, 0, 0, 0, -9, -1, -75
"c:\Users\ASUS\Desktop\Development\projects\blog cms\app\api\src\helpers\follow.ts", "TypeScript", -99, 0, 0, 0, 0, 0, 0, 0, 0, 0, -7, -1, -107
"c:\Users\ASUS\Desktop\Development\projects\blog cms\app\api\src\helpers\jwt.ts", "TypeScript", -37, 0, 0, 0, 0, 0, 0, 0, 0, 0, -48, -3, -88
"c:\Users\ASUS\Desktop\Development\projects\blog cms\app\api\src\helpers\nodemailer.ts", "TypeScript", -20, 0, 0, 0, 0, 0, 0, 0, 0, 0, 0, -1, -21
"c:\Users\ASUS\Desktop\Development\projects\blog cms\app\api\src\helpers\pagination.ts", "TypeScript", -105, 0, 0, 0, 0, 0, 0, 0, 0, 0, 0, -1, -106
"c:\Users\ASUS\Desktop\Development\projects\blog cms\app\api\src\index.ts", "TypeScript", -56, 0, 0, 0, 0, 0, 0, 0, 0, 0, -4, -1, -61
"c:\Users\ASUS\Desktop\Development\projects\blog cms\app\api\src\interfaces\body.ts", "TypeScript", -13, 0, 0, 0, 0, 0, 0, 0, 0, 0, -2, -1, -16
"c:\Users\ASUS\Desktop\Development\projects\blog cms\app\api\src\interfaces\global.d.ts", "TypeScript", -59, 0, 0, 0, 0, 0, 0, 0, 0, 0, -7, -2, -68
"c:\Users\ASUS\Desktop\Development\projects\blog cms\app\api\src\middleware\article.ts", "TypeScript", -29, 0, 0, 0, 0, 0, 0, 0, 0, 0, 0, -1, -30
"c:\Users\ASUS\Desktop\Development\projects\blog cms\app\api\src\middleware\auth.ts", "TypeScript", -85, 0, 0, 0, 0, 0, 0, 0, 0, 0, 0, -2, -87
"c:\Users\ASUS\Desktop\Development\projects\blog cms\app\api\src\middleware\contentAccess.ts", "TypeScript", -190, 0, 0, 0, 0, 0, 0, 0, 0, 0, -4, -1, -195
"c:\Users\ASUS\Desktop\Development\projects\blog cms\app\api\src\middleware\userDataAccess.ts", "TypeScript", -102, 0, 0, 0, 0, 0, 0, 0, 0, 0, -3, -2, -107
"c:\Users\ASUS\Desktop\Development\projects\blog cms\app\api\src\redis-cache\expiries.ts", "TypeScript", -4, 0, 0, 0, 0, 0, 0, 0, 0, 0, 0, -1, -5
"c:\Users\ASUS\Desktop\Development\projects\blog cms\app\api\src\redis-cache\index.ts", "TypeScript", -39, 0, 0, 0, 0, 0, 0, 0, 0, 0, -4, -1, -44
"c:\Users\ASUS\Desktop\Development\projects\blog cms\app\api\src\redis-cache\keys.ts", "TypeScript", -4, 0, 0, 0, 0, 0, 0, 0, 0, 0, 0, 0, -4
"c:\Users\ASUS\Desktop\Development\projects\blog cms\app\api\src\validation\article.ts", "TypeScript", -7, 0, 0, 0, 0, 0, 0, 0, 0, 0, 0, 0, -7
"c:\Users\ASUS\Desktop\Development\projects\blog cms\app\api\src\validation\auth.ts", "TypeScript", -14, 0, 0, 0, 0, 0, 0, 0, 0, 0, -1, 0, -15
"c:\Users\ASUS\Desktop\Development\projects\blog cms\app\api\src\validation\topic.ts", "TypeScript", -8, 0, 0, 0, 0, 0, 0, 0, 0, 0, 0, -1, -9
"c:\Users\ASUS\Desktop\Development\projects\blog cms\app\api\tsconfig.json", "JSON with Comments", 0, 0, 0, -12, 0, 0, 0, 0, 0, 0, -1, 0, -13
"c:\Users\ASUS\Desktop\Development\projects\blog cms\app\client\.env", "Properties", 0, 0, 0, 0, 0, 0, 0, 0, 0, 1, 0, 0, 1
"c:\Users\ASUS\Desktop\Development\projects\blog cms\app\client\.eslintrc.cjs", "JavaScript", 0, 0, 0, 0, 18, 0, 0, 0, 0, 0, 0, 1, 19
"c:\Users\ASUS\Desktop\Development\projects\blog cms\app\client\README.md", "Markdown", 0, 0, 0, 0, 0, 19, 0, 0, 0, 0, 0, 9, 28
"c:\Users\ASUS\Desktop\Development\projects\blog cms\app\client\index.html", "HTML", 0, 0, 0, 0, 0, 0, 0, 0, 14, 0, 0, 1, 15
"c:\Users\ASUS\Desktop\Development\projects\blog cms\app\client\package-lock.json", "JSON", 0, 0, 5183, 0, 0, 0, 0, 0, 0, 0, 0, 1, 5184
"c:\Users\ASUS\Desktop\Development\projects\blog cms\app\client\package.json", "JSON", 0, 0, 50, 0, 0, 0, 0, 0, 0, 0, 0, 1, 51
"c:\Users\ASUS\Desktop\Development\projects\blog cms\app\client\postcss.config.js", "JavaScript", 0, 0, 0, 0, 6, 0, 0, 0, 0, 0, 0, 1, 7
"c:\Users\ASUS\Desktop\Development\projects\blog cms\app\client\public\svgs\alert-icon.svg", "XML", 0, 17, 0, 0, 0, 0, 0, 0, 0, 0, 1, 0, 18
"c:\Users\ASUS\Desktop\Development\projects\blog cms\app\client\public\svgs\bell-icon.svg", "XML", 0, 10, 0, 0, 0, 0, 0, 0, 0, 0, 0, 1, 11
"c:\Users\ASUS\Desktop\Development\projects\blog cms\app\client\public\svgs\check-mark.svg", "XML", 0, 9, 0, 0, 0, 0, 0, 0, 0, 0, 1, 8, 18
"c:\Users\ASUS\Desktop\Development\projects\blog cms\app\client\public\svgs\close-button.svg", "XML", 0, 6, 0, 0, 0, 0, 0, 0, 0, 0, 1, 4, 11
"c:\Users\ASUS\Desktop\Development\projects\blog cms\app\client\public\svgs\close-mark.svg", "XML", 0, 6, 0, 0, 0, 0, 0, 0, 0, 0, 0, 0, 6
"c:\Users\ASUS\Desktop\Development\projects\blog cms\app\client\public\svgs\ellipsis.svg", "XML", 0, 16, 0, 0, 0, 0, 0, 0, 0, 0, 1, 0, 17
"c:\Users\ASUS\Desktop\Development\projects\blog cms\app\client\public\svgs\follow-icon.svg", "XML", 0, 4, 0, 0, 0, 0, 0, 0, 0, 0, 0, 0, 4
"c:\Users\ASUS\Desktop\Development\projects\blog cms\app\client\public\svgs\mark-as-readed.svg", "XML", 0, 6, 0, 0, 0, 0, 0, 0, 0, 0, 1, 1, 8
"c:\Users\ASUS\Desktop\Development\projects\blog cms\app\client\public\svgs\notifications-pattren.svg", "XML", 0, 9, 0, 0, 0, 0, 0, 0, 0, 0, 0, 1, 10
"c:\Users\ASUS\Desktop\Development\projects\blog cms\app\client\public\svgs\pen-nib.svg", "XML", 0, 10, 0, 0, 0, 0, 0, 0, 0, 0, 0, 1, 11
"c:\Users\ASUS\Desktop\Development\projects\blog cms\app\client\public\svgs\save-icon.svg", "XML", 0, 4, 0, 0, 0, 0, 0, 0, 0, 0, 0, 0, 4
"c:\Users\ASUS\Desktop\Development\projects\blog cms\app\client\public\svgs\saved-icon.svg", "XML", 0, 13, 0, 0, 0, 0, 0, 0, 0, 0, 1, 3, 17
"c:\Users\ASUS\Desktop\Development\projects\blog cms\app\client\public\svgs\search.svg", "XML", 0, 12, 0, 0, 0, 0, 0, 0, 0, 0, 1, 0, 13
"c:\Users\ASUS\Desktop\Development\projects\blog cms\app\client\public\svgs\trending-up.svg", "XML", 0, 4, 0, 0, 0, 0, 0, 0, 0, 0, 0, 0, 4
"c:\Users\ASUS\Desktop\Development\projects\blog cms\app\client\public\svgs\user-blank.svg", "XML", 0, 16, 0, 0, 0, 0, 0, 0, 0, 0, 1, 0, 17
"c:\Users\ASUS\Desktop\Development\projects\blog cms\app\client\public\svgs\user-icon.svg", "XML", 0, 10, 0, 0, 0, 0, 0, 0, 0, 0, 0, 1, 11
"c:\Users\ASUS\Desktop\Development\projects\blog cms\app\client\public\svgs\vertical-ellipsis.svg", "XML", 0, 4, 0, 0, 0, 0, 0, 0, 0, 0, 0, 0, 4
"c:\Users\ASUS\Desktop\Development\projects\blog cms\app\client\public\svgs\writing-feather.svg", "XML", 0, 14, 0, 0, 0, 0, 0, 0, 0, 0, 1, 0, 15
"c:\Users\ASUS\Desktop\Development\projects\blog cms\app\client\src\App.tsx", "TypeScript JSX", 0, 0, 0, 0, 0, 0, 73, 0, 0, 0, 3, 1, 77
"c:\Users\ASUS\Desktop\Development\projects\blog cms\app\client\src\components\ArticlesList.tsx", "TypeScript JSX", 0, 0, 0, 0, 0, 0, 129, 0, 0, 0, 0, 1, 130
"c:\Users\ASUS\Desktop\Development\projects\blog cms\app\client\src\components\Error.tsx", "TypeScript JSX", 0, 0, 0, 0, 0, 0, 32, 0, 0, 0, 0, 3, 35
"c:\Users\ASUS\Desktop\Development\projects\blog cms\app\client\src\components\FollowButton.tsx", "TypeScript JSX", 0, 0, 0, 0, 0, 0, 92, 0, 0, 0, 0, 3, 95
"c:\Users\ASUS\Desktop\Development\projects\blog cms\app\client\src\components\Header.tsx", "TypeScript JSX", 0, 0, 0, 0, 0, 0, 134, 0, 0, 0, 0, 3, 137
"c:\Users\ASUS\Desktop\Development\projects\blog cms\app\client\src\components\Icons.tsx", "TypeScript JSX", 0, 0, 0, 0, 0, 0, 129, 0, 0, 0, 20, 1, 150
"c:\Users\ASUS\Desktop\Development\projects\blog cms\app\client\src\components\LoadMoreBtn.tsx", "TypeScript JSX", 0, 0, 0, 0, 0, 0, 36, 0, 0, 0, 1, 3, 40
"c:\Users\ASUS\Desktop\Development\projects\blog cms\app\client\src\components\Loader.tsx", "TypeScript JSX", 0, 0, 0, 0, 0, 0, 7, 0, 0, 0, 0, 2, 9
"c:\Users\ASUS\Desktop\Development\projects\blog cms\app\client\src\components\LoginPopup.tsx", "TypeScript JSX", 0, 0, 0, 0, 0, 0, 135, 0, 0, 0, 4, 1, 140
"c:\Users\ASUS\Desktop\Development\projects\blog cms\app\client\src\components\Message.tsx", "TypeScript JSX", 0, 0, 0, 0, 0, 0, 18, 0, 0, 0, 0, 1, 19
"c:\Users\ASUS\Desktop\Development\projects\blog cms\app\client\src\components\NotFound.tsx", "TypeScript JSX", 0, 0, 0, 0, 0, 0, 26, 0, 0, 0, 0, 3, 29
"c:\Users\ASUS\Desktop\Development\projects\blog cms\app\client\src\components\Notifications.tsx", "TypeScript JSX", 0, 0, 0, 0, 0, 0, 201, 0, 0, 0, 0, 1, 202
"c:\Users\ASUS\Desktop\Development\projects\blog cms\app\client\src\components\TopicList.tsx", "TypeScript JSX", 0, 0, 0, 0, 0, 0, 14, 0, 0, 0, 0, 2, 16
"c:\Users\ASUS\Desktop\Development\projects\blog cms\app\client\src\hooks\useDebounce.ts", "TypeScript", 12, 0, 0, 0, 0, 0, 0, 0, 0, 0, 0, 0, 12
"c:\Users\ASUS\Desktop\Development\projects\blog cms\app\client\src\hooks\useLocalStorage.ts", "TypeScript", 26, 0, 0, 0, 0, 0, 0, 0, 0, 0, 0, 0, 26
"c:\Users\ASUS\Desktop\Development\projects\blog cms\app\client\src\interfaces\global.d.ts", "TypeScript", 113, 0, 0, 0, 0, 0, 0, 0, 0, 0, 0, 0, 113
"c:\Users\ASUS\Desktop\Development\projects\blog cms\app\client\src\main.tsx", "TypeScript JSX", 0, 0, 0, 0, 0, 0, 25, 0, 0, 0, 0, 1, 26
"c:\Users\ASUS\Desktop\Development\projects\blog cms\app\client\src\pages\article\Article.tsx", "TypeScript JSX", 0, 0, 0, 0, 0, 0, 103, 0, 0, 0, 2, 2, 107
"c:\Users\ASUS\Desktop\Development\projects\blog cms\app\client\src\pages\article\Edit.tsx", "TypeScript JSX", 0, 0, 0, 0, 0, 0, 0, 0, 0, 0, 0, 1, 1
"c:\Users\ASUS\Desktop\Development\projects\blog cms\app\client\src\pages\article\publish\components\DetailsDialog.tsx", "TypeScript JSX", 0, 0, 0, 0, 0, 0, 302, 0, 0, 0, 0, 1, 303
"c:\Users\ASUS\Desktop\Development\projects\blog cms\app\client\src\pages\article\publish\components\Editor.tsx", "TypeScript JSX", 0, 0, 0, 0, 0, 0, 110, 0, 0, 0, 5, 2, 117
"c:\Users\ASUS\Desktop\Development\projects\blog cms\app\client\src\pages\article\publish\components\ToolBar.tsx", "TypeScript JSX", 0, 0, 0, 0, 0, 0, 104, 0, 0, 0, 0, 3, 107
"c:\Users\ASUS\Desktop\Development\projects\blog cms\app\client\src\pages\article\publish\index.tsx", "TypeScript JSX", 0, 0, 0, 0, 0, 0, 87, 0, 0, 0, 0, 2, 89
"c:\Users\ASUS\Desktop\Development\projects\blog cms\app\client\src\pages\auth\Login.tsx", "TypeScript JSX", 0, 0, 0, 0, 0, 0, 103, 0, 0, 0, 0, 5, 108
"c:\Users\ASUS\Desktop\Development\projects\blog cms\app\client\src\pages\auth\Register.tsx", "TypeScript JSX", 0, 0, 0, 0, 0, 0, 134, 0, 0, 0, 0, 4, 138
"c:\Users\ASUS\Desktop\Development\projects\blog cms\app\client\src\pages\auth\components\StepsControl.tsx", "TypeScript JSX", 0, 0, 0, 0, 0, 0, 88, 0, 0, 0, 0, 1, 89
"c:\Users\ASUS\Desktop\Development\projects\blog cms\app\client\src\pages\auth\components\TopicList.tsx", "TypeScript JSX", 0, 0, 0, 0, 0, 0, 65, 0, 0, 0, 0, 2, 67
"c:\Users\ASUS\Desktop\Development\projects\blog cms\app\client\src\pages\auth\components\TopicsSelectionStep.tsx", "TypeScript JSX", 0, 0, 0, 0, 0, 0, 103, 0, 0, 0, 0, 1, 104
"c:\Users\ASUS\Desktop\Development\projects\blog cms\app\client\src\pages\auth\components\steps.tsx", "TypeScript JSX", 0, 0, 0, 0, 0, 0, 70, 0, 0, 0, 0, 1, 71
"c:\Users\ASUS\Desktop\Development\projects\blog cms\app\client\src\pages\auth\components\useMultistepForm.tsx", "TypeScript JSX", 0, 0, 0, 0, 0, 0, 130, 0, 0, 0, 6, 1, 137
"c:\Users\ASUS\Desktop\Development\projects\blog cms\app\client\src\pages\components\FeedSection.tsx", "TypeScript JSX", 0, 0, 0, 0, 0, 0, 48, 0, 0, 0, 0, 2, 50
"c:\Users\ASUS\Desktop\Development\projects\blog cms\app\client\src\pages\components\TopicsSection.tsx", "TypeScript JSX", 0, 0, 0, 0, 0, 0, 37, 0, 0, 0, 0, 2, 39
"c:\Users\ASUS\Desktop\Development\projects\blog cms\app\client\src\pages\home\components\FeedSection.tsx", "TypeScript JSX", 0, 0, 0, 0, 0, 0, 72, 0, 0, 0, 0, 2, 74
"c:\Users\ASUS\Desktop\Development\projects\blog cms\app\client\src\pages\home\components\TopArticlesList.tsx", "TypeScript JSX", 0, 0, 0, 0, 0, 0, 48, 0, 0, 0, 0, 2, 50
"c:\Users\ASUS\Desktop\Development\projects\blog cms\app\client\src\pages\home\components\TopArticlesSection.tsx", "TypeScript JSX", 0, 0, 0, 0, 0, 0, 25, 0, 0, 0, 0, 2, 27
"c:\Users\ASUS\Desktop\Development\projects\blog cms\app\client\src\pages\home\components\WelcomeSection.tsx", "TypeScript JSX", 0, 0, 0, 0, 0, 0, 54, 0, 0, 0, 0, 2, 56
"c:\Users\ASUS\Desktop\Development\projects\blog cms\app\client\src\pages\home\index.tsx", "TypeScript JSX", 0, 0, 0, 0, 0, 0, 143, 0, 0, 0, 0, 2, 145
"c:\Users\ASUS\Desktop\Development\projects\blog cms\app\client\src\pages\user\Analysis.tsx", "TypeScript JSX", 0, 0, 0, 0, 0, 0, 0, 0, 0, 0, 0, 1, 1
"c:\Users\ASUS\Desktop\Development\projects\blog cms\app\client\src\pages\user\Edit.tsx", "TypeScript JSX", 0, 0, 0, 0, 0, 0, 0, 0, 0, 0, 0, 1, 1
"c:\Users\ASUS\Desktop\Development\projects\blog cms\app\client\src\pages\user\Feed.tsx", "TypeScript JSX", 0, 0, 0, 0, 0, 0, 105, 0, 0, 0, 0, 3, 108
"c:\Users\ASUS\Desktop\Development\projects\blog cms\app\client\src\pages\user\profile\components\BlockButton.tsx", "TypeScript JSX", 0, 0, 0, 0, 0, 0, 72, 0, 0, 0, 0, 3, 75
"c:\Users\ASUS\Desktop\Development\projects\blog cms\app\client\src\pages\user\profile\components\FeedOptions.tsx", "TypeScript JSX", 0, 0, 0, 0, 0, 0, 70, 0, 0, 0, 0, 1, 71
"c:\Users\ASUS\Desktop\Development\projects\blog cms\app\client\src\pages\user\profile\components\FeedSection.tsx", "TypeScript JSX", 0, 0, 0, 0, 0, 0, 119, 0, 0, 0, 0, 3, 122
"c:\Users\ASUS\Desktop\Development\projects\blog cms\app\client\src\pages\user\profile\components\FollowList.tsx", "TypeScript JSX", 0, 0, 0, 0, 0, 0, 61, 0, 0, 0, 0, 2, 63
"c:\Users\ASUS\Desktop\Development\projects\blog cms\app\client\src\pages\user\profile\components\ProfileHeader.tsx", "TypeScript JSX", 0, 0, 0, 0, 0, 0, 140, 0, 0, 0, 0, 2, 142
"c:\Users\ASUS\Desktop\Development\projects\blog cms\app\client\src\pages\user\profile\components\SideBar.tsx", "TypeScript JSX", 0, 0, 0, 0, 0, 0, 230, 0, 0, 0, 0, 1, 231
"c:\Users\ASUS\Desktop\Development\projects\blog cms\app\client\src\pages\user\profile\components\UserBreadcrumb.tsx", "TypeScript JSX", 0, 0, 0, 0, 0, 0, 17, 0, 0, 0, 0, 2, 19
"c:\Users\ASUS\Desktop\Development\projects\blog cms\app\client\src\pages\user\profile\index.tsx", "TypeScript JSX", 0, 0, 0, 0, 0, 0, 60, 0, 0, 0, 0, 2, 62
"c:\Users\ASUS\Desktop\Development\projects\blog cms\app\client\src\pages\user\profile\pages\Blocked.tsx", "TypeScript JSX", 0, 0, 0, 0, 0, 0, 79, 0, 0, 0, 1, 1, 81
"c:\Users\ASUS\Desktop\Development\projects\blog cms\app\client\src\pages\user\profile\pages\Followers.tsx", "TypeScript JSX", 0, 0, 0, 0, 0, 0, 67, 0, 0, 0, 0, 2, 69
"c:\Users\ASUS\Desktop\Development\projects\blog cms\app\client\src\pages\user\profile\pages\Following.tsx", "TypeScript JSX", 0, 0, 0, 0, 0, 0, 72, 0, 0, 0, 0, 2, 74
"c:\Users\ASUS\Desktop\Development\projects\blog cms\app\client\src\services\api\article.ts", "TypeScript", 66, 0, 0, 0, 0, 0, 0, 0, 0, 0, 0, 1, 67
"c:\Users\ASUS\Desktop\Development\projects\blog cms\app\client\src\services\api\auth.ts", "TypeScript", 16, 0, 0, 0, 0, 0, 0, 0, 0, 0, 0, 0, 16
"c:\Users\ASUS\Desktop\Development\projects\blog cms\app\client\src\services\api\follow.ts", "TypeScript", 32, 0, 0, 0, 0, 0, 0, 0, 0, 0, 0, 0, 32
"c:\Users\ASUS\Desktop\Development\projects\blog cms\app\client\src\services\api\topic.ts", "TypeScript", 12, 0, 0, 0, 0, 0, 0, 0, 0, 0, 0, 1, 13
"c:\Users\ASUS\Desktop\Development\projects\blog cms\app\client\src\services\api\user.ts", "TypeScript", 67, 0, 0, 0, 0, 0, 0, 0, 0, 0, 0, 0, 67
"c:\Users\ASUS\Desktop\Development\projects\blog cms\app\client\src\services\axiosInstance.ts", "TypeScript", 6, 0, 0, 0, 0, 0, 0, 0, 0, 0, 6, 2, 14
"c:\Users\ASUS\Desktop\Development\projects\blog cms\app\client\src\services\keys.ts", "TypeScript", 14, 0, 0, 0, 0, 0, 0, 0, 0, 0, 5, 1, 20
"c:\Users\ASUS\Desktop\Development\projects\blog cms\app\client\src\services\queries\article.ts", "TypeScript", 78, 0, 0, 0, 0, 0, 0, 0, 0, 0, 1, 0, 79
"c:\Users\ASUS\Desktop\Development\projects\blog cms\app\client\src\services\queries\auth.ts", "TypeScript", 44, 0, 0, 0, 0, 0, 0, 0, 0, 0, 0, 0, 44
"c:\Users\ASUS\Desktop\Development\projects\blog cms\app\client\src\services\queries\follow.ts", "TypeScript", 91, 0, 0, 0, 0, 0, 0, 0, 0, 0, 0, 1, 92
"c:\Users\ASUS\Desktop\Development\projects\blog cms\app\client\src\services\queries\topic.ts", "TypeScript", 16, 0, 0, 0, 0, 0, 0, 0, 0, 0, 0, 0, 16
"c:\Users\ASUS\Desktop\Development\projects\blog cms\app\client\src\services\queries\user.ts", "TypeScript", 75, 0, 0, 0, 0, 0, 0, 0, 0, 0, 0, 0, 75
"c:\Users\ASUS\Desktop\Development\projects\blog cms\app\client\src\services\types\article.ts", "TypeScript", 7, 0, 0, 0, 0, 0, 0, 0, 0, 0, 0, 0, 7
"c:\Users\ASUS\Desktop\Development\projects\blog cms\app\client\src\services\types\auth.ts", "TypeScript", 10, 0, 0, 0, 0, 0, 0, 0, 0, 0, 0, 0, 10
"c:\Users\ASUS\Desktop\Development\projects\blog cms\app\client\src\services\types\follow.ts", "TypeScript", 24, 0, 0, 0, 0, 0, 0, 0, 0, 0, 0, 0, 24
"c:\Users\ASUS\Desktop\Development\projects\blog cms\app\client\src\services\types\user.ts", "TypeScript", 18, 0, 0, 0, 0, 0, 0, 0, 0, 0, 0, 0, 18
"c:\Users\ASUS\Desktop\Development\projects\blog cms\app\client\src\styles\index.css", "CSS", 0, 0, 0, 0, 0, 0, 0, 28, 0, 0, 0, 1, 29
"c:\Users\ASUS\Desktop\Development\projects\blog cms\app\client\src\styles\lodaer.module.css", "CSS", 0, 0, 0, 0, 0, 0, 0, 49, 0, 0, 0, 2, 51
"c:\Users\ASUS\Desktop\Development\projects\blog cms\app\client\src\styles\publish.css", "CSS", 0, 0, 0, 0, 0, 0, 0, 65, 0, 0, 0, 7, 72
"c:\Users\ASUS\Desktop\Development\projects\blog cms\app\client\src\vite-env.d.ts", "TypeScript", 0, 0, 0, 0, 0, 0, 0, 0, 0, 0, 1, 0, 1
"c:\Users\ASUS\Desktop\Development\projects\blog cms\app\client\tailwind.config.js", "JavaScript", 0, 0, 0, 0, 37, 0, 0, 0, 0, 0, 6, 4, 47
"c:\Users\ASUS\Desktop\Development\projects\blog cms\app\client\tsconfig.json", "JSON with Comments", 0, 0, 0, 21, 0, 0, 0, 0, 0, 0, 2, 3, 26
"c:\Users\ASUS\Desktop\Development\projects\blog cms\app\client\tsconfig.node.json", "JSON", 0, 0, 10, 0, 0, 0, 0, 0, 0, 0, 0, 1, 11
"c:\Users\ASUS\Desktop\Development\projects\blog cms\app\client\vite.config.ts", "TypeScript", 11, 0, 0, 0, 0, 0, 0, 0, 0, 0, 4, 0, 15
"Total", "-", -3323, 170, 2461, 9, 61, -92, 3969, 142, 14, 1, -110, 66, 3368